"Notes","County of Residence","County of Residence Code","Year","Year Code",Births,Average Birth Weight (grams)
,"Baldwin County, AL","01003","2016","2016",2247,3287.43
,"Baldwin County, AL","01003","2017","2017",2322,3286.81
,"Baldwin County, AL","01003","2018","2018",2290,3258.78
,"Baldwin County, AL","01003","2019","2019",2329,3275.30
,"Baldwin County, AL","01003","2020","2020",2292,3241.42
,"Baldwin County, AL","01003","2021","2021",2501,3238.37
,"Baldwin County, AL","01003","2022","2022",2533,3230.56
,"Baldwin County, AL","01003","2023","2023",2486,3252.19
,"Baldwin County, AL","01003","2024","2024",2745,3241.37
,"Calhoun County, AL","01015","2016","2016",1357,3186.59
,"Calhoun County, AL","01015","2017","2017",1338,3194.95
,"Calhoun County, AL","01015","2018","2018",1265,3168.14
,"Calhoun County, AL","01015","2019","2019",1383,3196.94
,"Calhoun County, AL","01015","2020","2020",1262,3210.95
,"Calhoun County, AL","01015","2021","2021",1328,3212.25
,"Calhoun County, AL","01015","2022","2022",1344,3193.24
,"Calhoun County, AL","01015","2023","2023",1258,3227.43
,"Calhoun County, AL","01015","2024","2024",1256,3209.64
,"Etowah County, AL","01055","2016","2016",1214,3239.61
,"Etowah County, AL","01055","2017","2017",1213,3228.29
,"Etowah County, AL","01055","2018","2018",1191,3190.27
,"Etowah County, AL","01055","2019","2019",1236,3202.56
,"Etowah County, AL","01055","2020","2020",1171,3241.10
,"Etowah County, AL","01055","2021","2021",1138,3234.13
,"Etowah County, AL","01055","2022","2022",1174,3221.64
,"Etowah County, AL","01055","2023","2023",1163,3238.84
,"Etowah County, AL","01055","2024","2024",1224,3214.18
,"Houston County, AL","01069","2016","2016",1333,3181.58
,"Houston County, AL","01069","2017","2017",1295,3205.30
,"Houston County, AL","01069","2018","2018",1368,3206.84
,"Houston County, AL","01069","2019","2019",1336,3184.65
,"Houston County, AL","01069","2020","2020",1337,3170.06
,"Houston County, AL","01069","2021","2021",1328,3195.53
,"Houston County, AL","01069","2022","2022",1258,3184.00
,"Houston County, AL","01069","2023","2023",1278,3156.25
,"Houston County, AL","01069","2024","2024",1250,3205.22
,"Jefferson County, AL","01073","2016","2016",8655,3174.79
,"Jefferson County, AL","01073","2017","2017",8706,3150.12
,"Jefferson County, AL","01073","2018","2018",8437,3161.29
,"Jefferson County, AL","01073","2019","2019",8481,3173.64
,"Jefferson County, AL","01073","2020","2020",7929,3157.45
,"Jefferson County, AL","01073","2021","2021",8048,3158.42
,"Jefferson County, AL","01073","2022","2022",7751,3154.77
,"Jefferson County, AL","01073","2023","2023",7866,3136.35
,"Jefferson County, AL","01073","2024","2024",7885,3161.54
,"Lee County, AL","01081","2016","2016",1898,3230.87
,"Lee County, AL","01081","2017","2017",1898,3230.81
,"Lee County, AL","01081","2018","2018",1810,3218.48
,"Lee County, AL","01081","2019","2019",1879,3204.12
,"Lee County, AL","01081","2020","2020",1842,3191.39
,"Lee County, AL","01081","2021","2021",1903,3199.91
,"Lee County, AL","01081","2022","2022",1977,3194.20
,"Lee County, AL","01081","2023","2023",1985,3187.54
,"Lee County, AL","01081","2024","2024",1994,3206.22
,"Madison County, AL","01089","2016","2016",4228,3210.99
,"Madison County, AL","01089","2017","2017",4253,3214.86
,"Madison County, AL","01089","2018","2018",4262,3180.03
,"Madison County, AL","01089","2019","2019",4260,3176.59
,"Madison County, AL","01089","2020","2020",4337,3185.29
,"Madison County, AL","01089","2021","2021",4326,3200.03
,"Madison County, AL","01089","2022","2022",4514,3213.66
,"Madison County, AL","01089","2023","2023",4559,3195.55
,"Madison County, AL","01089","2024","2024",4635,3210.00
,"Mobile County, AL","01097","2016","2016",5504,3144.94
,"Mobile County, AL","01097","2017","2017",5607,3158.62
,"Mobile County, AL","01097","2018","2018",5549,3129.31
,"Mobile County, AL","01097","2019","2019",5372,3120.02
,"Mobile County, AL","01097","2020","2020",5302,3126.21
,"Mobile County, AL","01097","2021","2021",5097,3129.23
,"Mobile County, AL","01097","2022","2022",5001,3116.56
,"Mobile County, AL","01097","2023","2023",5054,3131.86
,"Mobile County, AL","01097","2024","2024",4780,3146.44
,"Montgomery County, AL","01101","2016","2016",3139,3083.67
,"Montgomery County, AL","01101","2017","2017",3172,3099.50
,"Montgomery County, AL","01101","2018","2018",3139,3083.55
,"Montgomery County, AL","01101","2019","2019",3167,3076.37
,"Montgomery County, AL","01101","2020","2020",3138,3091.52
,"Montgomery County, AL","01101","2021","2021",3058,3063.45
,"Montgomery County, AL","01101","2022","2022",2937,3079.45
,"Montgomery County, AL","01101","2023","2023",2810,3072.48
,"Montgomery County, AL","01101","2024","2024",2757,3078.71
,"Morgan County, AL","01103","2016","2016",1470,3224.74
,"Morgan County, AL","01103","2017","2017",1435,3201.54
,"Morgan County, AL","01103","2018","2018",1432,3205.34
,"Morgan County, AL","01103","2019","2019",1435,3205.49
,"Morgan County, AL","01103","2020","2020",1464,3216.96
,"Morgan County, AL","01103","2021","2021",1402,3191.50
,"Morgan County, AL","01103","2022","2022",1485,3187.81
,"Morgan County, AL","01103","2023","2023",1512,3210.01
,"Morgan County, AL","01103","2024","2024",1457,3229.98
,"Shelby County, AL","01117","2016","2016",2387,3300.62
,"Shelby County, AL","01117","2017","2017",2283,3285.29
,"Shelby County, AL","01117","2018","2018",2250,3284.24
,"Shelby County, AL","01117","2019","2019",2206,3280.98
,"Shelby County, AL","01117","2020","2020",2230,3269.35
,"Shelby County, AL","01117","2021","2021",2297,3258.80
,"Shelby County, AL","01117","2022","2022",2443,3242.56
,"Shelby County, AL","01117","2023","2023",2336,3236.30
,"Shelby County, AL","01117","2024","2024",2323,3259.04
,"Tuscaloosa County, AL","01125","2016","2016",2591,3158.02
,"Tuscaloosa County, AL","01125","2017","2017",2538,3181.21
,"Tuscaloosa County, AL","01125","2018","2018",2406,3193.12
,"Tuscaloosa County, AL","01125","2019","2019",2630,3163.25
,"Tuscaloosa County, AL","01125","2020","2020",2570,3154.30
,"Tuscaloosa County, AL","01125","2021","2021",2445,3140.61
,"Tuscaloosa County, AL","01125","2022","2022",2539,3144.86
,"Tuscaloosa County, AL","01125","2023","2023",2505,3134.19
,"Tuscaloosa County, AL","01125","2024","2024",2549,3168.07
,"Unidentified Counties, AL","01999","2016","2016",23128,3199.02
,"Unidentified Counties, AL","01999","2017","2017",22881,3192.85
,"Unidentified Counties, AL","01999","2018","2018",22362,3198.29
,"Unidentified Counties, AL","01999","2019","2019",22901,3192.59
,"Unidentified Counties, AL","01999","2020","2020",22773,3189.64
,"Unidentified Counties, AL","01999","2021","2021",23183,3198.70
,"Unidentified Counties, AL","01999","2022","2022",23193,3200.40
,"Unidentified Counties, AL","01999","2023","2023",23046,3201.04
,"Unidentified Counties, AL","01999","2024","2024",23079,3203.70
,"Benton County, AR","05007","2016","2016",3622,3315.55
,"Benton County, AR","05007","2017","2017",3713,3296.20
,"Benton County, AR","05007","2018","2018",3778,3291.23
,"Benton County, AR","05007","2019","2019",3519,3290.77
,"Benton County, AR","05007","2020","2020",3661,3277.21
,"Benton County, AR","05007","2021","2021",3771,3285.94
,"Benton County, AR","05007","2022","2022",3932,3267.94
,"Benton County, AR","05007","2023","2023",3830,3290.67
,"Benton County, AR","05007","2024","2024",4012,3286.04
,"Faulkner County, AR","05045","2016","2016",1534,3336.01
,"Faulkner County, AR","05045","2017","2017",1545,3284.37
,"Faulkner County, AR","05045","2018","2018",1467,3297.10
,"Faulkner County, AR","05045","2019","2019",1513,3273.14
,"Faulkner County, AR","05045","2020","2020",1494,3248.79
,"Faulkner County, AR","05045","2021","2021",1470,3252.67
,"Faulkner County, AR","05045","2022","2022",1460,3258.79
,"Faulkner County, AR","05045","2023","2023",1489,3221.25
,"Faulkner County, AR","05045","2024","2024",1501,3258.92
,"Pulaski County, AR","05119","2016","2016",5348,3186.16
,"Pulaski County, AR","05119","2017","2017",5259,3184.81
,"Pulaski County, AR","05119","2018","2018",5123,3172.79
,"Pulaski County, AR","05119","2019","2019",5183,3158.19
,"Pulaski County, AR","05119","2020","2020",5041,3138.66
,"Pulaski County, AR","05119","2021","2021",5012,3133.33
,"Pulaski County, AR","05119","2022","2022",4895,3138.47
,"Pulaski County, AR","05119","2023","2023",4801,3119.73
,"Pulaski County, AR","05119","2024","2024",4725,3127.81
,"Saline County, AR","05125","2016","2016",1326,3286.18
,"Saline County, AR","05125","2017","2017",1275,3276.52
,"Saline County, AR","05125","2018","2018",1339,3288.69
,"Saline County, AR","05125","2019","2019",1372,3272.10
,"Saline County, AR","05125","2020","2020",1285,3246.29
,"Saline County, AR","05125","2021","2021",1420,3207.36
,"Saline County, AR","05125","2022","2022",1380,3205.63
,"Saline County, AR","05125","2023","2023",1389,3233.25
,"Saline County, AR","05125","2024","2024",1430,3194.94
,"Sebastian County, AR","05131","2016","2016",1721,3286.63
,"Sebastian County, AR","05131","2017","2017",1828,3237.79
,"Sebastian County, AR","05131","2018","2018",1662,3268.50
,"Sebastian County, AR","05131","2019","2019",1670,3223.10
,"Sebastian County, AR","05131","2020","2020",1550,3239.45
,"Sebastian County, AR","05131","2021","2021",1620,3272.00
,"Sebastian County, AR","05131","2022","2022",1561,3276.87
,"Sebastian County, AR","05131","2023","2023",1546,3254.70
,"Sebastian County, AR","05131","2024","2024",1601,3255.67
,"Washington County, AR","05143","2016","2016",3280,3262.88
,"Washington County, AR","05143","2017","2017",3199,3285.39
,"Washington County, AR","05143","2018","2018",3227,3249.12
,"Washington County, AR","05143","2019","2019",3174,3260.82
,"Washington County, AR","05143","2020","2020",3086,3290.13
,"Washington County, AR","05143","2021","2021",3178,3275.47
,"Washington County, AR","05143","2022","2022",3345,3269.32
,"Washington County, AR","05143","2023","2023",3265,3258.95
,"Washington County, AR","05143","2024","2024",3397,3265.49
,"Unidentified Counties, AR","05999","2016","2016",21443,3234.79
,"Unidentified Counties, AR","05999","2017","2017",20701,3210.47
,"Unidentified Counties, AR","05999","2018","2018",20422,3215.35
,"Unidentified Counties, AR","05999","2019","2019",20133,3212.77
,"Unidentified Counties, AR","05999","2020","2020",19134,3211.82
,"Unidentified Counties, AR","05999","2021","2021",19494,3208.36
,"Unidentified Counties, AR","05999","2022","2022",18898,3198.08
,"Unidentified Counties, AR","05999","2023","2023",18944,3196.82
,"Unidentified Counties, AR","05999","2024","2024",18729,3192.25
,"Boone County, MO","29019","2016","2016",2093,3313.24
,"Boone County, MO","29019","2017","2017",2072,3266.63
,"Boone County, MO","29019","2018","2018",2050,3251.52
,"Boone County, MO","29019","2019","2019",2075,3256.17
,"Boone County, MO","29019","2020","2020",1980,3286.32
,"Boone County, MO","29019","2021","2021",1924,3282.00
,"Boone County, MO","29019","2022","2022",2008,3254.88
,"Boone County, MO","29019","2023","2023",1824,3244.41
,"Boone County, MO","29019","2024","2024",1897,3261.89
,"Clay County, MO","29047","2016","2016",2962,3323.75
,"Clay County, MO","29047","2017","2017",3040,3314.26
,"Clay County, MO","29047","2018","2018",3105,3311.04
,"Clay County, MO","29047","2019","2019",3087,3307.71
,"Clay County, MO","29047","2020","2020",2990,3256.88
,"Clay County, MO","29047","2021","2021",2960,3282.03
,"Clay County, MO","29047","2022","2022",2986,3252.75
,"Clay County, MO","29047","2023","2023",2823,3281.39
,"Clay County, MO","29047","2024","2024",2939,3288.15
,"Franklin County, MO","29071","2016","2016",1248,3304.00
,"Franklin County, MO","29071","2017","2017",1256,3327.50
,"Franklin County, MO","29071","2018","2018",1174,3322.01
,"Franklin County, MO","29071","2019","2019",1222,3302.99
,"Franklin County, MO","29071","2020","2020",1101,3291.08
,"Franklin County, MO","29071","2021","2021",1117,3337.64
,"Franklin County, MO","29071","2022","2022",1119,3326.27
,"Franklin County, MO","29071","2023","2023",1125,3300.58
,"Franklin County, MO","29071","2024","2024",1172,3283.76
,"Greene County, MO","29077","2016","2016",3579,3321.33
,"Greene County, MO","29077","2017","2017",3339,3317.55
,"Greene County, MO","29077","2018","2018",3309,3329.12
,"Greene County, MO","29077","2019","2019",3421,3295.16
,"Greene County, MO","29077","2020","2020",3242,3298.08
,"Greene County, MO","29077","2021","2021",3268,3302.59
,"Greene County, MO","29077","2022","2022",3276,3276.90
,"Greene County, MO","29077","2023","2023",3155,3283.15
,"Greene County, MO","29077","2024","2024",3387,3276.02
,"Jackson County, MO","29095","2016","2016",9408,3247.12
,"Jackson County, MO","29095","2017","2017",9291,3244.54
,"Jackson County, MO","29095","2018","2018",9065,3231.80
,"Jackson County, MO","29095","2019","2019",8838,3223.02
,"Jackson County, MO","29095","2020","2020",8776,3219.37
,"Jackson County, MO","29095","2021","2021",8415,3207.09
,"Jackson County, MO","29095","2022","2022",8566,3193.53
,"Jackson County, MO","29095","2023","2023",8593,3216.21
,"Jackson County, MO","29095","2024","2024",8574,3211.55
,"Jasper County, MO","29097","2016","2016",1669,3329.79
,"Jasper County, MO","29097","2017","2017",1596,3316.88
,"Jasper County, MO","29097","2018","2018",1570,3270.21
,"Jasper County, MO","29097","2019","2019",1542,3293.30
,"Jasper County, MO","29097","2020","2020",1519,3290.16
,"Jasper County, MO","29097","2021","2021",1567,3231.71
,"Jasper County, MO","29097","2022","2022",1609,3253.20
,"Jasper County, MO","29097","2023","2023",1573,3243.22
,"Jasper County, MO","29097","2024","2024",1557,3241.53
,"Jefferson County, MO","29099","2016","2016",2633,3331.46
,"Jefferson County, MO","29099","2017","2017",2516,3313.49
,"Jefferson County, MO","29099","2018","2018",2545,3296.25
,"Jefferson County, MO","29099","2019","2019",2506,3268.33
,"Jefferson County, MO","29099","2020","2020",2385,3272.00
,"Jefferson County, MO","29099","2021","2021",2414,3280.69
,"Jefferson County, MO","29099","2022","2022",2327,3291.72
,"Jefferson County, MO","29099","2023","2023",2368,3276.15
,"Jefferson County, MO","29099","2024","2024",2387,3253.24
,"St. Charles County, MO","29183","2016","2016",4487,3334.37
,"St. Charles County, MO","29183","2017","2017",4459,3323.62
,"St. Charles County, MO","29183","2018","2018",4306,3327.59
,"St. Charles County, MO","29183","2019","2019",4305,3300.12
,"St. Charles County, MO","29183","2020","2020",4073,3298.82
,"St. Charles County, MO","29183","2021","2021",4221,3320.18
,"St. Charles County, MO","29183","2022","2022",4251,3293.32
,"St. Charles County, MO","29183","2023","2023",3969,3301.82
,"St. Charles County, MO","29183","2024","2024",4107,3285.60
,"St. Louis County, MO","29189","2016","2016",11692,3244.18
,"St. Louis County, MO","29189","2017","2017",11374,3226.98
,"St. Louis County, MO","29189","2018","2018",11368,3217.56
,"St. Louis County, MO","29189","2019","2019",11392,3206.11
,"St. Louis County, MO","29189","2020","2020",10584,3203.55
,"St. Louis County, MO","29189","2021","2021",10498,3201.97
,"St. Louis County, MO","29189","2022","2022",10480,3192.37
,"St. Louis County, MO","29189","2023","2023",9700,3195.68
,"St. Louis County, MO","29189","2024","2024",9937,3198.92
,"St. Louis city, MO","29510","2016","2016",4317,3120.25
,"St. Louis city, MO","29510","2017","2017",4138,3127.37
,"St. Louis city, MO","29510","2018","2018",4127,3124.88
,"St. Louis city, MO","29510","2019","2019",3951,3131.67
,"St. Louis city, MO","29510","2020","2020",3791,3115.27
,"St. Louis city, MO","29510","2021","2021",3716,3112.53
,"St. Louis city, MO","29510","2022","2022",3342,3119.53
,"St. Louis city, MO","29510","2023","2023",3242,3115.80
,"St. Louis city, MO","29510","2024","2024",3142,3129.42
,"Unidentified Counties, MO","29999","2016","2016",30617,3292.23
,"Unidentified Counties, MO","29999","2017","2017",29953,3287.22
,"Unidentified Counties, MO","29999","2018","2018",30650,3289.12
,"Unidentified Counties, MO","29999","2019","2019",29788,3284.54
,"Unidentified Counties, MO","29999","2020","2020",28844,3281.66
,"Unidentified Counties, MO","29999","2021","2021",29353,3283.33
,"Unidentified Counties, MO","29999","2022","2022",29021,3270.53
,"Unidentified Counties, MO","29999","2023","2023",28751,3276.62
,"Unidentified Counties, MO","29999","2024","2024",28899,3271.25
,"Atlantic County, NJ","34001","2016","2016",2836,3270.34
,"Atlantic County, NJ","34001","2017","2017",2804,3262.73
,"Atlantic County, NJ","34001","2018","2018",2797,3268.27
,"Atlantic County, NJ","34001","2019","2019",2839,3280.01
,"Atlantic County, NJ","34001","2020","2020",2823,3277.88
,"Atlantic County, NJ","34001","2021","2021",2742,3271.87
,"Atlantic County, NJ","34001","2022","2022",2698,3230.08
,"Atlantic County, NJ","34001","2023","2023",2750,3258.31
,"Atlantic County, NJ","34001","2024","2024",2724,3267.44
,"Bergen County, NJ","34003","2016","2016",9464,3243.36
,"Bergen County, NJ","34003","2017","2017",9339,3255.47
,"Bergen County, NJ","34003","2018","2018",9152,3244.59
,"Bergen County, NJ","34003","2019","2019",9006,3258.49
,"Bergen County, NJ","34003","2020","2020",8653,3258.27
,"Bergen County, NJ","34003","2021","2021",9127,3257.42
,"Bergen County, NJ","34003","2022","2022",9317,3248.97
,"Bergen County, NJ","34003","2023","2023",8897,3248.93
,"Bergen County, NJ","34003","2024","2024",9019,3238.38
,"Burlington County, NJ","34005","2016","2016",4419,3305.61
,"Burlington County, NJ","34005","2017","2017",4424,3288.70
,"Burlington County, NJ","34005","2018","2018",4365,3294.48
,"Burlington County, NJ","34005","2019","2019",4419,3297.45
,"Burlington County, NJ","34005","2020","2020",4376,3304.03
,"Burlington County, NJ","34005","2021","2021",4655,3301.97
,"Burlington County, NJ","34005","2022","2022",4733,3289.21
,"Burlington County, NJ","34005","2023","2023",4689,3261.53
,"Burlington County, NJ","34005","2024","2024",4571,3272.23
,"Camden County, NJ","34007","2016","2016",6226,3249.50
,"Camden County, NJ","34007","2017","2017",6022,3239.50
,"Camden County, NJ","34007","2018","2018",6157,3254.00
,"Camden County, NJ","34007","2019","2019",6123,3246.79
,"Camden County, NJ","34007","2020","2020",5933,3241.29
,"Camden County, NJ","34007","2021","2021",6323,3257.19
,"Camden County, NJ","34007","2022","2022",6124,3244.56
,"Camden County, NJ","34007","2023","2023",5907,3222.51
,"Camden County, NJ","34007","2024","2024",5883,3226.83
,"Cumberland County, NJ","34011","2016","2016",1876,3196.49
,"Cumberland County, NJ","34011","2017","2017",1839,3202.70
,"Cumberland County, NJ","34011","2018","2018",1917,3203.61
,"Cumberland County, NJ","34011","2019","2019",1832,3194.32
,"Cumberland County, NJ","34011","2020","2020",1819,3212.09
,"Cumberland County, NJ","34011","2021","2021",1785,3201.58
,"Cumberland County, NJ","34011","2022","2022",1831,3172.42
,"Cumberland County, NJ","34011","2023","2023",1817,3177.75
,"Cumberland County, NJ","34011","2024","2024",1810,3200.45
,"Essex County, NJ","34013","2016","2016",10442,3208.11
,"Essex County, NJ","34013","2017","2017",10298,3212.17
,"Essex County, NJ","34013","2018","2018",10425,3206.80
,"Essex County, NJ","34013","2019","2019",9917,3203.93
,"Essex County, NJ","34013","2020","2020",9652,3212.13
,"Essex County, NJ","34013","2021","2021",9723,3209.36
,"Essex County, NJ","34013","2022","2022",10147,3206.03
,"Essex County, NJ","34013","2023","2023",9805,3209.67
,"Essex County, NJ","34013","2024","2024",9982,3207.52
,"Gloucester County, NJ","34015","2016","2016",2837,3321.92
,"Gloucester County, NJ","34015","2017","2017",2891,3279.81
,"Gloucester County, NJ","34015","2018","2018",2762,3326.53
,"Gloucester County, NJ","34015","2019","2019",2923,3292.34
,"Gloucester County, NJ","34015","2020","2020",2727,3299.44
,"Gloucester County, NJ","34015","2021","2021",3014,3307.36
,"Gloucester County, NJ","34015","2022","2022",3050,3285.50
,"Gloucester County, NJ","34015","2023","2023",2977,3296.41
,"Gloucester County, NJ","34015","2024","2024",2912,3279.95
,"Hudson County, NJ","34017","2016","2016",10383,3208.70
,"Hudson County, NJ","34017","2017","2017",10165,3210.89
,"Hudson County, NJ","34017","2018","2018",10234,3206.60
,"Hudson County, NJ","34017","2019","2019",9975,3212.38
,"Hudson County, NJ","34017","2020","2020",9544,3223.08
,"Hudson County, NJ","34017","2021","2021",9118,3214.55
,"Hudson County, NJ","34017","2022","2022",9042,3201.46
,"Hudson County, NJ","34017","2023","2023",8655,3205.24
,"Hudson County, NJ","34017","2024","2024",9048,3202.90
,"Hunterdon County, NJ","34019","2016","2016",927,3357.23
,"Hunterdon County, NJ","34019","2017","2017",952,3346.15
,"Hunterdon County, NJ","34019","2018","2018",968,3334.07
,"Hunterdon County, NJ","34019","2019","2019",997,3326.45
,"Hunterdon County, NJ","34019","2020","2020",994,3311.33
,"Hunterdon County, NJ","34019","2021","2021",1053,3337.27
,"Hunterdon County, NJ","34019","2022","2022",1113,3309.40
,"Hunterdon County, NJ","34019","2023","2023",1025,3340.31
,"Hunterdon County, NJ","34019","2024","2024",1116,3335.72
,"Mercer County, NJ","34021","2016","2016",4280,3255.87
,"Mercer County, NJ","34021","2017","2017",4081,3231.92
,"Mercer County, NJ","34021","2018","2018",3999,3239.26
,"Mercer County, NJ","34021","2019","2019",4103,3244.18
,"Mercer County, NJ","34021","2020","2020",3985,3255.35
,"Mercer County, NJ","34021","2021","2021",4114,3259.36
,"Mercer County, NJ","34021","2022","2022",4203,3233.24
,"Mercer County, NJ","34021","2023","2023",4103,3246.96
,"Mercer County, NJ","34021","2024","2024",4098,3259.70
,"Middlesex County, NJ","34023","2016","2016",9332,3233.09
,"Middlesex County, NJ","34023","2017","2017",9123,3230.62
,"Middlesex County, NJ","34023","2018","2018",8872,3238.65
,"Middlesex County, NJ","34023","2019","2019",8516,3221.98
,"Middlesex County, NJ","34023","2020","2020",8426,3234.84
,"Middlesex County, NJ","34023","2021","2021",8649,3233.63
,"Middlesex County, NJ","34023","2022","2022",8552,3219.90
,"Middlesex County, NJ","34023","2023","2023",8364,3217.43
,"Middlesex County, NJ","34023","2024","2024",8294,3207.39
,"Monmouth County, NJ","34025","2016","2016",5960,3293.22
,"Monmouth County, NJ","34025","2017","2017",5737,3285.98
,"Monmouth County, NJ","34025","2018","2018",5888,3276.40
,"Monmouth County, NJ","34025","2019","2019",5664,3294.11
,"Monmouth County, NJ","34025","2020","2020",5852,3279.51
,"Monmouth County, NJ","34025","2021","2021",6176,3310.13
,"Monmouth County, NJ","34025","2022","2022",6444,3290.75
,"Monmouth County, NJ","34025","2023","2023",6401,3291.47
,"Monmouth County, NJ","34025","2024","2024",6382,3293.80
,"Morris County, NJ","34027","2016","2016",4633,3305.67
,"Morris County, NJ","34027","2017","2017",4636,3304.49
,"Morris County, NJ","34027","2018","2018",4487,3324.28
,"Morris County, NJ","34027","2019","2019",4486,3312.48
,"Morris County, NJ","34027","2020","2020",4580,3304.56
,"Morris County, NJ","34027","2021","2021",4881,3307.10
,"Morris County, NJ","34027","2022","2022",5098,3314.84
,"Morris County, NJ","34027","2023","2023",4929,3315.02
,"Morris County, NJ","34027","2024","2024",5027,3306.26
,"Ocean County, NJ","34029","2016","2016",8566,3336.36
,"Ocean County, NJ","34029","2017","2017",8597,3339.75
,"Ocean County, NJ","34029","2018","2018",9015,3344.46
,"Ocean County, NJ","34029","2019","2019",9028,3336.20
,"Ocean County, NJ","34029","2020","2020",9316,3335.46
,"Ocean County, NJ","34029","2021","2021",10234,3333.87
,"Ocean County, NJ","34029","2022","2022",10225,3329.41
,"Ocean County, NJ","34029","2023","2023",10523,3335.81
,"Ocean County, NJ","34029","2024","2024",10817,3328.73
,"Passaic County, NJ","34031","2016","2016",6842,3220.40
,"Passaic County, NJ","34031","2017","2017",6790,3232.99
,"Passaic County, NJ","34031","2018","2018",6542,3219.19
,"Passaic County, NJ","34031","2019","2019",6394,3206.68
,"Passaic County, NJ","34031","2020","2020",6260,3203.29
,"Passaic County, NJ","34031","2021","2021",6253,3217.29
,"Passaic County, NJ","34031","2022","2022",6414,3201.48
,"Passaic County, NJ","34031","2023","2023",6272,3210.28
,"Passaic County, NJ","34031","2024","2024",6144,3209.64
,"Somerset County, NJ","34035","2016","2016",3251,3266.01
,"Somerset County, NJ","34035","2017","2017",3068,3267.12
,"Somerset County, NJ","34035","2018","2018",3210,3269.56
,"Somerset County, NJ","34035","2019","2019",3057,3282.96
,"Somerset County, NJ","34035","2020","2020",2927,3269.36
,"Somerset County, NJ","34035","2021","2021",3168,3285.75
,"Somerset County, NJ","34035","2022","2022",3275,3253.89
,"Somerset County, NJ","34035","2023","2023",3301,3255.55
,"Somerset County, NJ","34035","2024","2024",3222,3256.52
,"Sussex County, NJ","34037","2016","2016",1180,3344.27
,"Sussex County, NJ","34037","2017","2017",1213,3350.11
,"Sussex County, NJ","34037","2018","2018",1203,3352.11
,"Sussex County, NJ","34037","2019","2019",1209,3342.45
,"Sussex County, NJ","34037","2020","2020",1299,3378.36
,"Sussex County, NJ","34037","2021","2021",1375,3328.67
,"Sussex County, NJ","34037","2022","2022",1447,3301.23
,"Sussex County, NJ","34037","2023","2023",1433,3343.83
,"Sussex County, NJ","34037","2024","2024",1339,3306.85
,"Union County, NJ","34039","2016","2016",6756,3275.38
,"Union County, NJ","34039","2017","2017",6859,3281.08
,"Union County, NJ","34039","2018","2018",6777,3259.09
,"Union County, NJ","34039","2019","2019",6653,3259.39
,"Union County, NJ","34039","2020","2020",6369,3270.41
,"Union County, NJ","34039","2021","2021",6599,3270.41
,"Union County, NJ","34039","2022","2022",6703,3254.30
,"Union County, NJ","34039","2023","2023",6714,3245.63
,"Union County, NJ","34039","2024","2024",6548,3250.28
,"Warren County, NJ","34041","2016","2016",958,3277.69
,"Warren County, NJ","34041","2017","2017",935,3301.33
,"Warren County, NJ","34041","2018","2018",1020,3296.84
,"Warren County, NJ","34041","2019","2019",968,3285.32
,"Warren County, NJ","34041","2020","2020",1018,3288.84
,"Warren County, NJ","34041","2021","2021",1080,3276.10
,"Warren County, NJ","34041","2022","2022",992,3284.47
,"Warren County, NJ","34041","2023","2023",1059,3311.49
,"Warren County, NJ","34041","2024","2024",1076,3335.26
,"Unidentified Counties, NJ","34999","2016","2016",1479,3340.33
,"Unidentified Counties, NJ","34999","2017","2017",1477,3320.46
,"Unidentified Counties, NJ","34999","2018","2018",1433,3315.64
,"Unidentified Counties, NJ","34999","2019","2019",1476,3273.32
,"Unidentified Counties, NJ","34999","2020","2020",1401,3274.80
,"Unidentified Counties, NJ","34999","2021","2021",1428,3328.01
,"Unidentified Counties, NJ","34999","2022","2022",1485,3281.23
,"Unidentified Counties, NJ","34999","2023","2023",1380,3297.30
,"Unidentified Counties, NJ","34999","2024","2024",1360,3326.72
,"Allen County, OH","39003","2016","2016",1257,3229.75
,"Allen County, OH","39003","2017","2017",1244,3205.93
,"Allen County, OH","39003","2018","2018",1248,3234.87
,"Allen County, OH","39003","2019","2019",1268,3231.47
,"Allen County, OH","39003","2020","2020",1184,3244.77
,"Allen County, OH","39003","2021","2021",1216,3186.18
,"Allen County, OH","39003","2022","2022",1192,3193.94
,"Allen County, OH","39003","2023","2023",1205,3191.79
,"Allen County, OH","39003","2024","2024",1248,3213.96
,"Ashtabula County, OH","39007","2016","2016",1075,3241.44
,"Ashtabula County, OH","39007","2017","2017",1149,3252.58
,"Ashtabula County, OH","39007","2018","2018",1108,3279.16
,"Ashtabula County, OH","39007","2019","2019",1085,3254.88
,"Ashtabula County, OH","39007","2020","2020",1016,3262.73
,"Ashtabula County, OH","39007","2021","2021",1052,3272.11
,"Ashtabula County, OH","39007","2022","2022",1041,3261.84
,"Ashtabula County, OH","39007","2023","2023",971,3230.62
,"Ashtabula County, OH","39007","2024","2024",958,3264.37
,"Butler County, OH","39017","2016","2016",4452,3307.30
,"Butler County, OH","39017","2017","2017",4466,3290.61
,"Butler County, OH","39017","2018","2018",4472,3276.42
,"Butler County, OH","39017","2019","2019",4446,3283.47
,"Butler County, OH","39017","2020","2020",4366,3278.68
,"Butler County, OH","39017","2021","2021",4252,3282.87
,"Butler County, OH","39017","2022","2022",4322,3244.78
,"Butler County, OH","39017","2023","2023",4197,3259.57
,"Butler County, OH","39017","2024","2024",4244,3254.37
,"Clark County, OH","39023","2016","2016",1532,3252.96
,"Clark County, OH","39023","2017","2017",1614,3251.49
,"Clark County, OH","39023","2018","2018",1552,3264.25
,"Clark County, OH","39023","2019","2019",1572,3231.38
,"Clark County, OH","39023","2020","2020",1506,3233.25
,"Clark County, OH","39023","2021","2021",1517,3248.04
,"Clark County, OH","39023","2022","2022",1573,3233.86
,"Clark County, OH","39023","2023","2023",1637,3206.06
,"Clark County, OH","39023","2024","2024",1732,3198.01
,"Clermont County, OH","39025","2016","2016",2293,3329.04
,"Clermont County, OH","39025","2017","2017",2311,3316.70
,"Clermont County, OH","39025","2018","2018",2310,3315.47
,"Clermont County, OH","39025","2019","2019",2234,3300.22
,"Clermont County, OH","39025","2020","2020",2167,3304.84
,"Clermont County, OH","39025","2021","2021",2205,3282.52
,"Clermont County, OH","39025","2022","2022",2165,3297.83
,"Clermont County, OH","39025","2023","2023",2255,3282.40
,"Clermont County, OH","39025","2024","2024",2241,3300.66
,"Columbiana County, OH","39029","2016","2016",1070,3279.03
,"Columbiana County, OH","39029","2017","2017",1025,3315.36
,"Columbiana County, OH","39029","2018","2018",982,3266.69
,"Columbiana County, OH","39029","2019","2019",1020,3279.32
,"Columbiana County, OH","39029","2020","2020",984,3281.86
,"Columbiana County, OH","39029","2021","2021",973,3268.64
,"Columbiana County, OH","39029","2022","2022",962,3262.88
,"Columbiana County, OH","39029","2023","2023",882,3207.46
,"Columbiana County, OH","39029","2024","2024",975,3250.89
,"Cuyahoga County, OH","39035","2016","2016",14758,3171.25
,"Cuyahoga County, OH","39035","2017","2017",14550,3169.11
,"Cuyahoga County, OH","39035","2018","2018",13870,3182.93
,"Cuyahoga County, OH","39035","2019","2019",13935,3179.34
,"Cuyahoga County, OH","39035","2020","2020",13191,3177.75
,"Cuyahoga County, OH","39035","2021","2021",13136,3181.39
,"Cuyahoga County, OH","39035","2022","2022",12833,3162.38
,"Cuyahoga County, OH","39035","2023","2023",12701,3160.79
,"Cuyahoga County, OH","39035","2024","2024",12451,3168.67
,"Delaware County, OH","39041","2016","2016",2079,3364.47
,"Delaware County, OH","39041","2017","2017",2074,3328.05
,"Delaware County, OH","39041","2018","2018",2106,3343.93
,"Delaware County, OH","39041","2019","2019",2120,3310.64
,"Delaware County, OH","39041","2020","2020",1975,3337.91
,"Delaware County, OH","39041","2021","2021",2155,3319.74
,"Delaware County, OH","39041","2022","2022",2147,3328.59
,"Delaware County, OH","39041","2023","2023",2120,3290.95
,"Delaware County, OH","39041","2024","2024",2268,3294.80
,"Fairfield County, OH","39045","2016","2016",1629,3288.56
,"Fairfield County, OH","39045","2017","2017",1755,3302.99
,"Fairfield County, OH","39045","2018","2018",1669,3282.31
,"Fairfield County, OH","39045","2019","2019",1733,3289.18
,"Fairfield County, OH","39045","2020","2020",1627,3287.55
,"Fairfield County, OH","39045","2021","2021",1706,3285.83
,"Fairfield County, OH","39045","2022","2022",1695,3269.73
,"Fairfield County, OH","39045","2023","2023",1665,3283.93
,"Fairfield County, OH","39045","2024","2024",1663,3240.01
,"Franklin County, OH","39049","2016","2016",19045,3234.41
,"Franklin County, OH","39049","2017","2017",18886,3235.02
,"Franklin County, OH","39049","2018","2018",18338,3235.98
,"Franklin County, OH","39049","2019","2019",18400,3221.39
,"Franklin County, OH","39049","2020","2020",17557,3234.43
,"Franklin County, OH","39049","2021","2021",17441,3218.41
,"Franklin County, OH","39049","2022","2022",17528,3209.17
,"Franklin County, OH","39049","2023","2023",17143,3209.94
,"Franklin County, OH","39049","2024","2024",17393,3208.53
,"Greene County, OH","39057","2016","2016",1808,3310.43
,"Greene County, OH","39057","2017","2017",1744,3365.50
,"Greene County, OH","39057","2018","2018",1720,3325.44
,"Greene County, OH","39057","2019","2019",1739,3326.79
,"Greene County, OH","39057","2020","2020",1712,3345.01
,"Greene County, OH","39057","2021","2021",1653,3308.27
,"Greene County, OH","39057","2022","2022",1692,3300.77
,"Greene County, OH","39057","2023","2023",1721,3309.07
,"Greene County, OH","39057","2024","2024",1651,3316.22
,"Hamilton County, OH","39061","2016","2016",10820,3229.49
,"Hamilton County, OH","39061","2017","2017",10833,3222.59
,"Hamilton County, OH","39061","2018","2018",10835,3229.20
,"Hamilton County, OH","39061","2019","2019",10676,3209.59
,"Hamilton County, OH","39061","2020","2020",10383,3209.01
,"Hamilton County, OH","39061","2021","2021",10330,3206.43
,"Hamilton County, OH","39061","2022","2022",10264,3205.27
,"Hamilton County, OH","39061","2023","2023",10099,3199.41
,"Hamilton County, OH","39061","2024","2024",10057,3202.87
,"Lake County, OH","39085","2016","2016",2163,3289.19
,"Lake County, OH","39085","2017","2017",2198,3301.76
,"Lake County, OH","39085","2018","2018",2212,3289.25
,"Lake County, OH","39085","2019","2019",2181,3271.26
,"Lake County, OH","39085","2020","2020",2021,3291.01
,"Lake County, OH","39085","2021","2021",2092,3278.14
,"Lake County, OH","39085","2022","2022",2051,3263.11
,"Lake County, OH","39085","2023","2023",2082,3250.06
,"Lake County, OH","39085","2024","2024",2090,3253.00
,"Licking County, OH","39089","2016","2016",2075,3321.98
,"Licking County, OH","39089","2017","2017",1866,3307.93
,"Licking County, OH","39089","2018","2018",1991,3274.49
,"Licking County, OH","39089","2019","2019",1989,3287.75
,"Licking County, OH","39089","2020","2020",1822,3314.26
,"Licking County, OH","39089","2021","2021",1928,3294.64
,"Licking County, OH","39089","2022","2022",1866,3315.74
,"Licking County, OH","39089","2023","2023",1827,3286.86
,"Licking County, OH","39089","2024","2024",1860,3287.81
,"Lorain County, OH","39093","2016","2016",3295,3262.57
,"Lorain County, OH","39093","2017","2017",3183,3254.96
,"Lorain County, OH","39093","2018","2018",3199,3261.47
,"Lorain County, OH","39093","2019","2019",3256,3250.39
,"Lorain County, OH","39093","2020","2020",3185,3241.20
,"Lorain County, OH","39093","2021","2021",3211,3246.11
,"Lorain County, OH","39093","2022","2022",3152,3226.27
,"Lorain County, OH","39093","2023","2023",3071,3227.16
,"Lorain County, OH","39093","2024","2024",3080,3225.95
,"Lucas County, OH","39095","2016","2016",5627,3220.04
,"Lucas County, OH","39095","2017","2017",5445,3212.95
,"Lucas County, OH","39095","2018","2018",5418,3209.38
,"Lucas County, OH","39095","2019","2019",5229,3207.03
,"Lucas County, OH","39095","2020","2020",5171,3212.42
,"Lucas County, OH","39095","2021","2021",4956,3187.89
,"Lucas County, OH","39095","2022","2022",4910,3207.79
,"Lucas County, OH","39095","2023","2023",4540,3204.92
,"Lucas County, OH","39095","2024","2024",4489,3220.60
,"Mahoning County, OH","39099","2016","2016",2506,3182.40
,"Mahoning County, OH","39099","2017","2017",2458,3184.01
,"Mahoning County, OH","39099","2018","2018",2344,3158.59
,"Mahoning County, OH","39099","2019","2019",2434,3156.24
,"Mahoning County, OH","39099","2020","2020",2326,3198.42
,"Mahoning County, OH","39099","2021","2021",2349,3182.85
,"Mahoning County, OH","39099","2022","2022",2407,3163.77
,"Mahoning County, OH","39099","2023","2023",2272,3162.54
,"Mahoning County, OH","39099","2024","2024",2145,3171.41
,"Medina County, OH","39103","2016","2016",1816,3345.96
,"Medina County, OH","39103","2017","2017",1720,3362.67
,"Medina County, OH","39103","2018","2018",1675,3382.42
,"Medina County, OH","39103","2019","2019",1688,3321.52
,"Medina County, OH","39103","2020","2020",1583,3339.07
,"Medina County, OH","39103","2021","2021",1746,3338.61
,"Medina County, OH","39103","2022","2022",1593,3308.42
,"Medina County, OH","39103","2023","2023",1637,3315.76
,"Medina County, OH","39103","2024","2024",1632,3282.24
,"Miami County, OH","39109","2016","2016",1227,3347.35
,"Miami County, OH","39109","2017","2017",1154,3331.08
,"Miami County, OH","39109","2018","2018",1180,3365.25
,"Miami County, OH","39109","2019","2019",1238,3340.03
,"Miami County, OH","39109","2020","2020",1144,3352.16
,"Miami County, OH","39109","2021","2021",1160,3332.64
,"Miami County, OH","39109","2022","2022",1115,3323.92
,"Miami County, OH","39109","2023","2023",1109,3345.13
,"Miami County, OH","39109","2024","2024",1152,3354.39
,"Montgomery County, OH","39113","2016","2016",6631,3234.98
,"Montgomery County, OH","39113","2017","2017",6730,3233.57
,"Montgomery County, OH","39113","2018","2018",6480,3260.13
,"Montgomery County, OH","39113","2019","2019",6395,3237.19
,"Montgomery County, OH","39113","2020","2020",6170,3242.57
,"Montgomery County, OH","39113","2021","2021",6117,3235.15
,"Montgomery County, OH","39113","2022","2022",6007,3259.20
,"Montgomery County, OH","39113","2023","2023",6094,3227.05
,"Montgomery County, OH","39113","2024","2024",5943,3243.98
,"Portage County, OH","39133","2016","2016",1441,3289.68
,"Portage County, OH","39133","2017","2017",1351,3315.36
,"Portage County, OH","39133","2018","2018",1392,3314.97
,"Portage County, OH","39133","2019","2019",1355,3293.93
,"Portage County, OH","39133","2020","2020",1306,3290.49
,"Portage County, OH","39133","2021","2021",1378,3274.66
,"Portage County, OH","39133","2022","2022",1383,3239.81
,"Portage County, OH","39133","2023","2023",1323,3259.31
,"Portage County, OH","39133","2024","2024",1365,3263.67
,"Richland County, OH","39139","2016","2016",1328,3253.41
,"Richland County, OH","39139","2017","2017",1317,3249.85
,"Richland County, OH","39139","2018","2018",1353,3276.86
,"Richland County, OH","39139","2019","2019",1423,3314.06
,"Richland County, OH","39139","2020","2020",1321,3289.75
,"Richland County, OH","39139","2021","2021",1407,3283.59
,"Richland County, OH","39139","2022","2022",1310,3257.65
,"Richland County, OH","39139","2023","2023",1312,3262.48
,"Richland County, OH","39139","2024","2024",1377,3255.16
,"Stark County, OH","39151","2016","2016",4236,3281.94
,"Stark County, OH","39151","2017","2017",4025,3274.63
,"Stark County, OH","39151","2018","2018",4075,3269.12
,"Stark County, OH","39151","2019","2019",4108,3271.83
,"Stark County, OH","39151","2020","2020",3934,3259.13
,"Stark County, OH","39151","2021","2021",3962,3262.62
,"Stark County, OH","39151","2022","2022",3882,3252.85
,"Stark County, OH","39151","2023","2023",3968,3247.35
,"Stark County, OH","39151","2024","2024",3766,3240.90
,"Summit County, OH","39153","2016","2016",5996,3246.60
,"Summit County, OH","39153","2017","2017",5904,3267.47
,"Summit County, OH","39153","2018","2018",5934,3256.73
,"Summit County, OH","39153","2019","2019",5838,3243.83
,"Summit County, OH","39153","2020","2020",5481,3229.23
,"Summit County, OH","39153","2021","2021",5473,3232.77
,"Summit County, OH","39153","2022","2022",5390,3224.89
,"Summit County, OH","39153","2023","2023",5293,3201.59
,"Summit County, OH","39153","2024","2024",5333,3213.92
,"Trumbull County, OH","39155","2016","2016",2101,3235.54
,"Trumbull County, OH","39155","2017","2017",2107,3241.18
,"Trumbull County, OH","39155","2018","2018",2069,3265.53
,"Trumbull County, OH","39155","2019","2019",2150,3227.20
,"Trumbull County, OH","39155","2020","2020",1983,3254.86
,"Trumbull County, OH","39155","2021","2021",1958,3228.21
,"Trumbull County, OH","39155","2022","2022",2018,3220.79
,"Trumbull County, OH","39155","2023","2023",1907,3237.98
,"Trumbull County, OH","39155","2024","2024",1908,3246.44
,"Warren County, OH","39165","2016","2016",2400,3328.16
,"Warren County, OH","39165","2017","2017",2262,3347.00
,"Warren County, OH","39165","2018","2018",2306,3328.96
,"Warren County, OH","39165","2019","2019",2401,3305.86
,"Warren County, OH","39165","2020","2020",2347,3351.79
,"Warren County, OH","39165","2021","2021",2418,3316.71
,"Warren County, OH","39165","2022","2022",2428,3335.19
,"Warren County, OH","39165","2023","2023",2416,3338.69
,"Warren County, OH","39165","2024","2024",2457,3318.48
,"Wayne County, OH","39169","2016","2016",1487,3387.66
,"Wayne County, OH","39169","2017","2017",1502,3375.79
,"Wayne County, OH","39169","2018","2018",1447,3366.91
,"Wayne County, OH","39169","2019","2019",1442,3375.37
,"Wayne County, OH","39169","2020","2020",1398,3363.66
,"Wayne County, OH","39169","2021","2021",1401,3366.90
,"Wayne County, OH","39169","2022","2022",1405,3349.40
,"Wayne County, OH","39169","2023","2023",1380,3369.46
,"Wayne County, OH","39169","2024","2024",1382,3356.97
,"Wood County, OH","39173","2016","2016",1365,3306.75
,"Wood County, OH","39173","2017","2017",1401,3311.58
,"Wood County, OH","39173","2018","2018",1267,3316.79
,"Wood County, OH","39173","2019","2019",1281,3304.17
,"Wood County, OH","39173","2020","2020",1180,3322.29
,"Wood County, OH","39173","2021","2021",1301,3336.68
,"Wood County, OH","39173","2022","2022",1199,3332.69
,"Wood County, OH","39173","2023","2023",1268,3289.66
,"Wood County, OH","39173","2024","2024",1204,3323.18
,"Unidentified Counties, OH","39999","2016","2016",30573,3303.38
,"Unidentified Counties, OH","39999","2017","2017",30558,3298.84
,"Unidentified Counties, OH","39999","2018","2018",30582,3303.36
,"Unidentified Counties, OH","39999","2019","2019",29825,3298.79
,"Unidentified Counties, OH","39999","2020","2020",29151,3301.25
,"Unidentified Counties, OH","39999","2021","2021",29298,3305.11
,"Unidentified Counties, OH","39999","2022","2022",28701,3293.34
,"Unidentified Counties, OH","39999","2023","2023",28801,3300.02
,"Unidentified Counties, OH","39999","2024","2024",28731,3294.18
,"Arlington County, VA","51013","2016","2016",3225,3306.83
,"Arlington County, VA","51013","2017","2017",2990,3296.85
,"Arlington County, VA","51013","2018","2018",2937,3334.08
,"Arlington County, VA","51013","2019","2019",2650,3315.29
,"Arlington County, VA","51013","2020","2020",2645,3313.19
,"Arlington County, VA","51013","2021","2021",2454,3312.23
,"Arlington County, VA","51013","2022","2022",2418,3294.35
,"Arlington County, VA","51013","2023","2023",2302,3281.64
,"Arlington County, VA","51013","2024","2024",2382,3334.19
,"Chesterfield County, VA","51041","2016","2016",3885,3290.53
,"Chesterfield County, VA","51041","2017","2017",3845,3283.48
,"Chesterfield County, VA","51041","2018","2018",3841,3289.78
,"Chesterfield County, VA","51041","2019","2019",3904,3298.57
,"Chesterfield County, VA","51041","2020","2020",3855,3261.76
,"Chesterfield County, VA","51041","2021","2021",4137,3292.16
,"Chesterfield County, VA","51041","2022","2022",4258,3255.01
,"Chesterfield County, VA","51041","2023","2023",4051,3263.58
,"Chesterfield County, VA","51041","2024","2024",4109,3248.27
,"Fairfax County, VA","51059","2016","2016",14525,3285.91
,"Fairfax County, VA","51059","2017","2017",14220,3274.00
,"Fairfax County, VA","51059","2018","2018",13841,3296.82
,"Fairfax County, VA","51059","2019","2019",13376,3270.93
,"Fairfax County, VA","51059","2020","2020",12490,3283.51
,"Fairfax County, VA","51059","2021","2021",12475,3276.02
,"Fairfax County, VA","51059","2022","2022",12405,3284.80
,"Fairfax County, VA","51059","2023","2023",12063,3273.90
,"Fairfax County, VA","51059","2024","2024",12435,3272.54
,"Henrico County, VA","51087","2016","2016",3903,3259.99
,"Henrico County, VA","51087","2017","2017",3895,3244.70
,"Henrico County, VA","51087","2018","2018",3911,3268.36
,"Henrico County, VA","51087","2019","2019",3695,3259.69
,"Henrico County, VA","51087","2020","2020",3663,3258.63
,"Henrico County, VA","51087","2021","2021",3691,3245.58
,"Henrico County, VA","51087","2022","2022",3703,3250.30
,"Henrico County, VA","51087","2023","2023",3578,3253.76
,"Henrico County, VA","51087","2024","2024",3749,3257.42
,"Loudoun County, VA","51107","2016","2016",5335,3311.53
,"Loudoun County, VA","51107","2017","2017",5067,3293.22
,"Loudoun County, VA","51107","2018","2018",5224,3295.43
,"Loudoun County, VA","51107","2019","2019",4909,3295.94
,"Loudoun County, VA","51107","2020","2020",4698,3292.43
,"Loudoun County, VA","51107","2021","2021",4972,3285.79
,"Loudoun County, VA","51107","2022","2022",4821,3272.11
,"Loudoun County, VA","51107","2023","2023",4585,3270.41
,"Loudoun County, VA","51107","2024","2024",4548,3280.78
,"Prince William County, VA","51153","2016","2016",6845,3292.79
,"Prince William County, VA","51153","2017","2017",6675,3282.03
,"Prince William County, VA","51153","2018","2018",6484,3291.91
,"Prince William County, VA","51153","2019","2019",6386,3284.70
,"Prince William County, VA","51153","2020","2020",6183,3281.60
,"Prince William County, VA","51153","2021","2021",6247,3266.32
,"Prince William County, VA","51153","2022","2022",6427,3263.86
,"Prince William County, VA","51153","2023","2023",6111,3262.13
,"Prince William County, VA","51153","2024","2024",6158,3262.47
,"Spotsylvania County, VA","51177","2016","2016",1542,3317.47
,"Spotsylvania County, VA","51177","2017","2017",1505,3317.05
,"Spotsylvania County, VA","51177","2018","2018",1503,3299.24
,"Spotsylvania County, VA","51177","2019","2019",1568,3319.78
,"Spotsylvania County, VA","51177","2020","2020",1539,3335.41
,"Spotsylvania County, VA","51177","2021","2021",1593,3302.49
,"Spotsylvania County, VA","51177","2022","2022",1616,3291.15
,"Spotsylvania County, VA","51177","2023","2023",1649,3292.60
,"Spotsylvania County, VA","51177","2024","2024",1648,3305.48
,"Stafford County, VA","51179","2016","2016",1711,3326.35
,"Stafford County, VA","51179","2017","2017",1746,3334.69
,"Stafford County, VA","51179","2018","2018",1745,3330.93
,"Stafford County, VA","51179","2019","2019",1763,3295.59
,"Stafford County, VA","51179","2020","2020",1783,3292.32
,"Stafford County, VA","51179","2021","2021",1791,3299.66
,"Stafford County, VA","51179","2022","2022",1863,3292.01
,"Stafford County, VA","51179","2023","2023",1820,3269.80
,"Stafford County, VA","51179","2024","2024",1865,3299.81
,"Alexandria city, VA","51510","2016","2016",2823,3312.94
,"Alexandria city, VA","51510","2017","2017",2647,3302.56
,"Alexandria city, VA","51510","2018","2018",2590,3306.87
,"Alexandria city, VA","51510","2019","2019",2486,3302.46
,"Alexandria city, VA","51510","2020","2020",2363,3296.85
,"Alexandria city, VA","51510","2021","2021",2187,3282.46
,"Alexandria city, VA","51510","2022","2022",2281,3273.56
,"Alexandria city, VA","51510","2023","2023",2192,3292.76
,"Alexandria city, VA","51510","2024","2024",2310,3281.34
,"Chesapeake city, VA","51550","2016","2016",2877,3282.87
,"Chesapeake city, VA","51550","2017","2017",2902,3255.96
,"Chesapeake city, VA","51550","2018","2018",2928,3274.07
,"Chesapeake city, VA","51550","2019","2019",2945,3253.74
,"Chesapeake city, VA","51550","2020","2020",2814,3251.07
,"Chesapeake city, VA","51550","2021","2021",2986,3275.90
,"Chesapeake city, VA","51550","2022","2022",2866,3240.29
,"Chesapeake city, VA","51550","2023","2023",2734,3251.09
,"Chesapeake city, VA","51550","2024","2024",2520,3277.79
,"Hampton city, VA","51650","2016","2016",1727,3235.61
,"Hampton city, VA","51650","2017","2017",1736,3216.89
,"Hampton city, VA","51650","2018","2018",1645,3204.05
,"Hampton city, VA","51650","2019","2019",1606,3206.27
,"Hampton city, VA","51650","2020","2020",1584,3218.87
,"Hampton city, VA","51650","2021","2021",1655,3208.92
,"Hampton city, VA","51650","2022","2022",1617,3188.47
,"Hampton city, VA","51650","2023","2023",1445,3195.41
,"Hampton city, VA","51650","2024","2024",1506,3166.83
,"Newport News city, VA","51700","2016","2016",2814,3211.30
,"Newport News city, VA","51700","2017","2017",2717,3198.80
,"Newport News city, VA","51700","2018","2018",2677,3210.86
,"Newport News city, VA","51700","2019","2019",2752,3203.54
,"Newport News city, VA","51700","2020","2020",2671,3202.16
,"Newport News city, VA","51700","2021","2021",2520,3196.36
,"Newport News city, VA","51700","2022","2022",2487,3209.03
,"Newport News city, VA","51700","2023","2023",2377,3222.01
,"Newport News city, VA","51700","2024","2024",2377,3211.57
,"Norfolk city, VA","51710","2016","2016",3547,3194.21
,"Norfolk city, VA","51710","2017","2017",3410,3204.40
,"Norfolk city, VA","51710","2018","2018",3452,3190.78
,"Norfolk city, VA","51710","2019","2019",3338,3186.85
,"Norfolk city, VA","51710","2020","2020",3134,3189.03
,"Norfolk city, VA","51710","2021","2021",3114,3205.17
,"Norfolk city, VA","51710","2022","2022",3065,3195.46
,"Norfolk city, VA","51710","2023","2023",2948,3179.77
,"Norfolk city, VA","51710","2024","2024",2996,3182.75
,"Richmond city, VA","51760","2016","2016",3028,3165.46
,"Richmond city, VA","51760","2017","2017",3031,3156.56
,"Richmond city, VA","51760","2018","2018",3139,3180.66
,"Richmond city, VA","51760","2019","2019",3092,3168.45
,"Richmond city, VA","51760","2020","2020",2999,3162.67
,"Richmond city, VA","51760","2021","2021",2979,3152.49
,"Richmond city, VA","51760","2022","2022",2913,3158.95
,"Richmond city, VA","51760","2023","2023",2873,3174.92
,"Richmond city, VA","51760","2024","2024",2925,3142.30
,"Virginia Beach city, VA","51810","2016","2016",5925,3291.02
,"Virginia Beach city, VA","51810","2017","2017",5710,3282.04
,"Virginia Beach city, VA","51810","2018","2018",5618,3264.02
,"Virginia Beach city, VA","51810","2019","2019",5458,3263.11
,"Virginia Beach city, VA","51810","2020","2020",5328,3282.40
,"Virginia Beach city, VA","51810","2021","2021",5384,3281.39
,"Virginia Beach city, VA","51810","2022","2022",5091,3270.49
,"Virginia Beach city, VA","51810","2023","2023",4837,3282.20
,"Virginia Beach city, VA","51810","2024","2024",4769,3262.13
,"Unidentified Counties, VA","51999","2016","2016",38748,3282.03
,"Unidentified Counties, VA","51999","2017","2017",38295,3280.12
,"Unidentified Counties, VA","51999","2018","2018",38308,3276.37
,"Unidentified Counties, VA","51999","2019","2019",37501,3265.45
,"Unidentified Counties, VA","51999","2020","2020",37000,3271.36
,"Unidentified Counties, VA","51999","2021","2021",37640,3274.57
,"Unidentified Counties, VA","51999","2022","2022",37799,3263.74
,"Unidentified Counties, VA","51999","2023","2023",37084,3263.86
,"Unidentified Counties, VA","51999","2024","2024",37757,3269.45
"---"
"Dataset: Natality, 2016-2024 expanded"
"Query Parameters:"
"States: Alabama (01); Arkansas (05); Missouri (29); New Jersey (34); Ohio (39); Virginia (51)"
"Group By: County of Residence; Year"
"Show Totals: False"
"Show Zero Values: False"
"Show Suppressed: False"
"Calculate Rates Per: 1,000"
"---"
"Help: See http://wonder.cdc.gov/wonder/help/natality-expanded.html for more information."
"---"
"Query Date: Apr 12, 2026 1:06:30 AM"
"---"
"Suggested Citation: Centers for Disease Control and Prevention, National Center for Health Statistics. National Vital Statistics"
"System, Natality on CDC WONDER Online Database. Data are from the Natality Records 2016-2024, as compiled from data provided by"
"the 57 vital statistics jurisdictions through the Vital Statistics Cooperative Program. Accessed at"
"http://wonder.cdc.gov/natality-expanded-current.html on Apr 12, 2026 1:06:30 AM"
"---"
Caveats:
"1. Each birth record represents one liveborn infant."
"2. County-level data are shown only for counties with populations of 100,000 persons or more. Within each state, data for all"
"counties with fewer than 100,000 persons are combined together under the label ""Unidentified Counties."""
"3. Records where the ""Birth Weight"" is ""Unknown or Not Stated"" are not included in the calculation of the ""Average Birth"
"Weight"" measure."
"4. The independent city of St. Louis, Missouri (FIPS code 29510) is reported separately from St. Louis County (FIPS code 29189)."